feature,odds_ratio,ci_lower,ci_upper,p_value
tenure_z,1.0375749659706315,0.9012283136799547,1.1945494761622268,0.607838324059956
support_z,1.4808288664726361,1.3105073035328154,1.6732864638504648,3.0234150293323216e-10
sessions_z,0.7835997983671269,0.6785659140961329,0.9048916711634473,0.0008968900264973301
discount_z,0.9754037643871575,0.8456679248457449,1.1250426741136965,0.732358050671656
onboarding,0.6067688322920806,0.45750208790475916,0.8047360341615286,0.0005245842738609429
plan_أعمال,0.6762010543344587,0.4780195948046822,0.9565462814758965,0.027034927765950685
plan_متقدم,0.6393633294902613,0.45768345951750844,0.8931619847652251,0.008731136801355595
billing_شهري,1.4814129575455095,1.0926223843256402,2.0085478590466708,0.011396963497275987
payment_تحويل,0.8438341551525408,0.5948525264026551,1.197029599433881,0.34118271490906116
payment_محفظة,1.0694230702132743,0.7640934592449853,1.496761540446195,0.6955701043441158
